--
-- PostgreSQL database dump
--

-- Dumped from database version 14.10 (Ubuntu 14.10-0ubuntu0.22.04.1)
-- Dumped by pg_dump version 14.10 (Ubuntu 14.10-0ubuntu0.22.04.1)

-- Started on 2024-03-16 10:34:40 -04

SET statement_timeout = 0;
SET lock_timeout = 0;
SET idle_in_transaction_session_timeout = 0;
SET client_encoding = 'UTF8';
SET standard_conforming_strings = on;
SELECT pg_catalog.set_config('search_path', '', false);
SET check_function_bodies = false;
SET xmloption = content;
SET client_min_messages = warning;
SET row_security = off;

SET default_tablespace = '';

SET default_table_access_method = heap;

--
-- TOC entry 216 (class 1259 OID 33126)
-- Name: auth_group; Type: TABLE; Schema: public; Owner: prueba
--

CREATE TABLE public.auth_group (
    id integer NOT NULL,
    name character varying(150) NOT NULL
);


ALTER TABLE public.auth_group OWNER TO prueba;

--
-- TOC entry 215 (class 1259 OID 33125)
-- Name: auth_group_id_seq; Type: SEQUENCE; Schema: public; Owner: prueba
--

ALTER TABLE public.auth_group ALTER COLUMN id ADD GENERATED BY DEFAULT AS IDENTITY (
    SEQUENCE NAME public.auth_group_id_seq
    START WITH 1
    INCREMENT BY 1
    NO MINVALUE
    NO MAXVALUE
    CACHE 1
);


--
-- TOC entry 218 (class 1259 OID 33134)
-- Name: auth_group_permissions; Type: TABLE; Schema: public; Owner: prueba
--

CREATE TABLE public.auth_group_permissions (
    id bigint NOT NULL,
    group_id integer NOT NULL,
    permission_id integer NOT NULL
);


ALTER TABLE public.auth_group_permissions OWNER TO prueba;

--
-- TOC entry 217 (class 1259 OID 33133)
-- Name: auth_group_permissions_id_seq; Type: SEQUENCE; Schema: public; Owner: prueba
--

ALTER TABLE public.auth_group_permissions ALTER COLUMN id ADD GENERATED BY DEFAULT AS IDENTITY (
    SEQUENCE NAME public.auth_group_permissions_id_seq
    START WITH 1
    INCREMENT BY 1
    NO MINVALUE
    NO MAXVALUE
    CACHE 1
);


--
-- TOC entry 214 (class 1259 OID 33120)
-- Name: auth_permission; Type: TABLE; Schema: public; Owner: prueba
--

CREATE TABLE public.auth_permission (
    id integer NOT NULL,
    name character varying(255) NOT NULL,
    content_type_id integer NOT NULL,
    codename character varying(100) NOT NULL
);


ALTER TABLE public.auth_permission OWNER TO prueba;

--
-- TOC entry 213 (class 1259 OID 33119)
-- Name: auth_permission_id_seq; Type: SEQUENCE; Schema: public; Owner: prueba
--

ALTER TABLE public.auth_permission ALTER COLUMN id ADD GENERATED BY DEFAULT AS IDENTITY (
    SEQUENCE NAME public.auth_permission_id_seq
    START WITH 1
    INCREMENT BY 1
    NO MINVALUE
    NO MAXVALUE
    CACHE 1
);


--
-- TOC entry 220 (class 1259 OID 33140)
-- Name: auth_user; Type: TABLE; Schema: public; Owner: prueba
--

CREATE TABLE public.auth_user (
    id integer NOT NULL,
    password character varying(128) NOT NULL,
    last_login timestamp with time zone,
    is_superuser boolean NOT NULL,
    username character varying(150) NOT NULL,
    first_name character varying(150) NOT NULL,
    last_name character varying(150) NOT NULL,
    email character varying(254) NOT NULL,
    is_staff boolean NOT NULL,
    is_active boolean NOT NULL,
    date_joined timestamp with time zone NOT NULL
);


ALTER TABLE public.auth_user OWNER TO prueba;

--
-- TOC entry 222 (class 1259 OID 33148)
-- Name: auth_user_groups; Type: TABLE; Schema: public; Owner: prueba
--

CREATE TABLE public.auth_user_groups (
    id bigint NOT NULL,
    user_id integer NOT NULL,
    group_id integer NOT NULL
);


ALTER TABLE public.auth_user_groups OWNER TO prueba;

--
-- TOC entry 221 (class 1259 OID 33147)
-- Name: auth_user_groups_id_seq; Type: SEQUENCE; Schema: public; Owner: prueba
--

ALTER TABLE public.auth_user_groups ALTER COLUMN id ADD GENERATED BY DEFAULT AS IDENTITY (
    SEQUENCE NAME public.auth_user_groups_id_seq
    START WITH 1
    INCREMENT BY 1
    NO MINVALUE
    NO MAXVALUE
    CACHE 1
);


--
-- TOC entry 219 (class 1259 OID 33139)
-- Name: auth_user_id_seq; Type: SEQUENCE; Schema: public; Owner: prueba
--

ALTER TABLE public.auth_user ALTER COLUMN id ADD GENERATED BY DEFAULT AS IDENTITY (
    SEQUENCE NAME public.auth_user_id_seq
    START WITH 1
    INCREMENT BY 1
    NO MINVALUE
    NO MAXVALUE
    CACHE 1
);


--
-- TOC entry 224 (class 1259 OID 33154)
-- Name: auth_user_user_permissions; Type: TABLE; Schema: public; Owner: prueba
--

CREATE TABLE public.auth_user_user_permissions (
    id bigint NOT NULL,
    user_id integer NOT NULL,
    permission_id integer NOT NULL
);


ALTER TABLE public.auth_user_user_permissions OWNER TO prueba;

--
-- TOC entry 223 (class 1259 OID 33153)
-- Name: auth_user_user_permissions_id_seq; Type: SEQUENCE; Schema: public; Owner: prueba
--

ALTER TABLE public.auth_user_user_permissions ALTER COLUMN id ADD GENERATED BY DEFAULT AS IDENTITY (
    SEQUENCE NAME public.auth_user_user_permissions_id_seq
    START WITH 1
    INCREMENT BY 1
    NO MINVALUE
    NO MAXVALUE
    CACHE 1
);


--
-- TOC entry 227 (class 1259 OID 33240)
-- Name: authtoken_token; Type: TABLE; Schema: public; Owner: prueba
--

CREATE TABLE public.authtoken_token (
    key character varying(40) NOT NULL,
    created timestamp with time zone NOT NULL,
    user_id integer NOT NULL
);


ALTER TABLE public.authtoken_token OWNER TO prueba;

--
-- TOC entry 229 (class 1259 OID 33254)
-- Name: categories_category; Type: TABLE; Schema: public; Owner: prueba
--

CREATE TABLE public.categories_category (
    id bigint NOT NULL,
    name character varying(15) NOT NULL
);


ALTER TABLE public.categories_category OWNER TO prueba;

--
-- TOC entry 228 (class 1259 OID 33253)
-- Name: categories_category_id_seq; Type: SEQUENCE; Schema: public; Owner: prueba
--

ALTER TABLE public.categories_category ALTER COLUMN id ADD GENERATED BY DEFAULT AS IDENTITY (
    SEQUENCE NAME public.categories_category_id_seq
    START WITH 1
    INCREMENT BY 1
    NO MINVALUE
    NO MAXVALUE
    CACHE 1
);


--
-- TOC entry 231 (class 1259 OID 33260)
-- Name: contacts_contact; Type: TABLE; Schema: public; Owner: prueba
--

CREATE TABLE public.contacts_contact (
    id bigint NOT NULL,
    full_name character varying(50) NOT NULL,
    phone_number character varying(20) NOT NULL,
    user_id integer NOT NULL
);


ALTER TABLE public.contacts_contact OWNER TO prueba;

--
-- TOC entry 230 (class 1259 OID 33259)
-- Name: contacts_contact_id_seq; Type: SEQUENCE; Schema: public; Owner: prueba
--

ALTER TABLE public.contacts_contact ALTER COLUMN id ADD GENERATED BY DEFAULT AS IDENTITY (
    SEQUENCE NAME public.contacts_contact_id_seq
    START WITH 1
    INCREMENT BY 1
    NO MINVALUE
    NO MAXVALUE
    CACHE 1
);


--
-- TOC entry 226 (class 1259 OID 33212)
-- Name: django_admin_log; Type: TABLE; Schema: public; Owner: prueba
--

CREATE TABLE public.django_admin_log (
    id integer NOT NULL,
    action_time timestamp with time zone NOT NULL,
    object_id text,
    object_repr character varying(200) NOT NULL,
    action_flag smallint NOT NULL,
    change_message text NOT NULL,
    content_type_id integer,
    user_id integer NOT NULL,
    CONSTRAINT django_admin_log_action_flag_check CHECK ((action_flag >= 0))
);


ALTER TABLE public.django_admin_log OWNER TO prueba;

--
-- TOC entry 225 (class 1259 OID 33211)
-- Name: django_admin_log_id_seq; Type: SEQUENCE; Schema: public; Owner: prueba
--

ALTER TABLE public.django_admin_log ALTER COLUMN id ADD GENERATED BY DEFAULT AS IDENTITY (
    SEQUENCE NAME public.django_admin_log_id_seq
    START WITH 1
    INCREMENT BY 1
    NO MINVALUE
    NO MAXVALUE
    CACHE 1
);


--
-- TOC entry 212 (class 1259 OID 33112)
-- Name: django_content_type; Type: TABLE; Schema: public; Owner: prueba
--

CREATE TABLE public.django_content_type (
    id integer NOT NULL,
    app_label character varying(100) NOT NULL,
    model character varying(100) NOT NULL
);


ALTER TABLE public.django_content_type OWNER TO prueba;

--
-- TOC entry 211 (class 1259 OID 33111)
-- Name: django_content_type_id_seq; Type: SEQUENCE; Schema: public; Owner: prueba
--

ALTER TABLE public.django_content_type ALTER COLUMN id ADD GENERATED BY DEFAULT AS IDENTITY (
    SEQUENCE NAME public.django_content_type_id_seq
    START WITH 1
    INCREMENT BY 1
    NO MINVALUE
    NO MAXVALUE
    CACHE 1
);


--
-- TOC entry 210 (class 1259 OID 33104)
-- Name: django_migrations; Type: TABLE; Schema: public; Owner: prueba
--

CREATE TABLE public.django_migrations (
    id bigint NOT NULL,
    app character varying(255) NOT NULL,
    name character varying(255) NOT NULL,
    applied timestamp with time zone NOT NULL
);


ALTER TABLE public.django_migrations OWNER TO prueba;

--
-- TOC entry 209 (class 1259 OID 33103)
-- Name: django_migrations_id_seq; Type: SEQUENCE; Schema: public; Owner: prueba
--

ALTER TABLE public.django_migrations ALTER COLUMN id ADD GENERATED BY DEFAULT AS IDENTITY (
    SEQUENCE NAME public.django_migrations_id_seq
    START WITH 1
    INCREMENT BY 1
    NO MINVALUE
    NO MAXVALUE
    CACHE 1
);


--
-- TOC entry 234 (class 1259 OID 33287)
-- Name: django_session; Type: TABLE; Schema: public; Owner: prueba
--

CREATE TABLE public.django_session (
    session_key character varying(40) NOT NULL,
    session_data text NOT NULL,
    expire_date timestamp with time zone NOT NULL
);


ALTER TABLE public.django_session OWNER TO prueba;

--
-- TOC entry 233 (class 1259 OID 33276)
-- Name: generic_messages_genericmessage; Type: TABLE; Schema: public; Owner: prueba
--

CREATE TABLE public.generic_messages_genericmessage (
    id bigint NOT NULL,
    content character varying(150) NOT NULL,
    category_id bigint NOT NULL
);


ALTER TABLE public.generic_messages_genericmessage OWNER TO prueba;

--
-- TOC entry 232 (class 1259 OID 33275)
-- Name: generic_messages_genericmessage_id_seq; Type: SEQUENCE; Schema: public; Owner: prueba
--

ALTER TABLE public.generic_messages_genericmessage ALTER COLUMN id ADD GENERATED BY DEFAULT AS IDENTITY (
    SEQUENCE NAME public.generic_messages_genericmessage_id_seq
    START WITH 1
    INCREMENT BY 1
    NO MINVALUE
    NO MAXVALUE
    CACHE 1
);


--
-- TOC entry 236 (class 1259 OID 33298)
-- Name: history_history; Type: TABLE; Schema: public; Owner: prueba
--

CREATE TABLE public.history_history (
    id bigint NOT NULL,
    contact_id bigint NOT NULL,
    message_id bigint NOT NULL,
    user_id integer NOT NULL,
    date_time timestamp with time zone NOT NULL
);


ALTER TABLE public.history_history OWNER TO prueba;

--
-- TOC entry 235 (class 1259 OID 33297)
-- Name: history_history_id_seq; Type: SEQUENCE; Schema: public; Owner: prueba
--

ALTER TABLE public.history_history ALTER COLUMN id ADD GENERATED BY DEFAULT AS IDENTITY (
    SEQUENCE NAME public.history_history_id_seq
    START WITH 1
    INCREMENT BY 1
    NO MINVALUE
    NO MAXVALUE
    CACHE 1
);


--
-- TOC entry 3542 (class 0 OID 33126)
-- Dependencies: 216
-- Data for Name: auth_group; Type: TABLE DATA; Schema: public; Owner: prueba
--

COPY public.auth_group (id, name) FROM stdin;
\.


--
-- TOC entry 3544 (class 0 OID 33134)
-- Dependencies: 218
-- Data for Name: auth_group_permissions; Type: TABLE DATA; Schema: public; Owner: prueba
--

COPY public.auth_group_permissions (id, group_id, permission_id) FROM stdin;
\.


--
-- TOC entry 3540 (class 0 OID 33120)
-- Dependencies: 214
-- Data for Name: auth_permission; Type: TABLE DATA; Schema: public; Owner: prueba
--

COPY public.auth_permission (id, name, content_type_id, codename) FROM stdin;
1	Can add log entry	1	add_logentry
2	Can change log entry	1	change_logentry
3	Can delete log entry	1	delete_logentry
4	Can view log entry	1	view_logentry
5	Can add permission	2	add_permission
6	Can change permission	2	change_permission
7	Can delete permission	2	delete_permission
8	Can view permission	2	view_permission
9	Can add group	3	add_group
10	Can change group	3	change_group
11	Can delete group	3	delete_group
12	Can view group	3	view_group
13	Can add user	4	add_user
14	Can change user	4	change_user
15	Can delete user	4	delete_user
16	Can view user	4	view_user
17	Can add content type	5	add_contenttype
18	Can change content type	5	change_contenttype
19	Can delete content type	5	delete_contenttype
20	Can view content type	5	view_contenttype
21	Can add session	6	add_session
22	Can change session	6	change_session
23	Can delete session	6	delete_session
24	Can view session	6	view_session
25	Can add Token	7	add_token
26	Can change Token	7	change_token
27	Can delete Token	7	delete_token
28	Can view Token	7	view_token
29	Can add token	8	add_tokenproxy
30	Can change token	8	change_tokenproxy
31	Can delete token	8	delete_tokenproxy
32	Can view token	8	view_tokenproxy
33	Can add contact	9	add_contact
34	Can change contact	9	change_contact
35	Can delete contact	9	delete_contact
36	Can view contact	9	view_contact
37	Can add category	10	add_category
38	Can change category	10	change_category
39	Can delete category	10	delete_category
40	Can view category	10	view_category
41	Can add generic message	11	add_genericmessage
42	Can change generic message	11	change_genericmessage
43	Can delete generic message	11	delete_genericmessage
44	Can view generic message	11	view_genericmessage
45	Can add history	12	add_history
46	Can change history	12	change_history
47	Can delete history	12	delete_history
48	Can view history	12	view_history
\.


--
-- TOC entry 3546 (class 0 OID 33140)
-- Dependencies: 220
-- Data for Name: auth_user; Type: TABLE DATA; Schema: public; Owner: prueba
--

COPY public.auth_user (id, password, last_login, is_superuser, username, first_name, last_name, email, is_staff, is_active, date_joined) FROM stdin;
2	pbkdf2_sha256$720000$694L7cWQXmmjeXOQtCibV5$lDzxRBBKFocaoHRyEcvPjl1Gio0PLxOOLdYqPl7N6BA=	2024-02-15 02:42:21.356486-04	t	admin			admin@gmail.com	t	t	2024-02-15 02:41:15.893028-04
\.


--
-- TOC entry 3548 (class 0 OID 33148)
-- Dependencies: 222
-- Data for Name: auth_user_groups; Type: TABLE DATA; Schema: public; Owner: prueba
--

COPY public.auth_user_groups (id, user_id, group_id) FROM stdin;
\.


--
-- TOC entry 3550 (class 0 OID 33154)
-- Dependencies: 224
-- Data for Name: auth_user_user_permissions; Type: TABLE DATA; Schema: public; Owner: prueba
--

COPY public.auth_user_user_permissions (id, user_id, permission_id) FROM stdin;
\.


--
-- TOC entry 3553 (class 0 OID 33240)
-- Dependencies: 227
-- Data for Name: authtoken_token; Type: TABLE DATA; Schema: public; Owner: prueba
--

COPY public.authtoken_token (key, created, user_id) FROM stdin;
\.


--
-- TOC entry 3555 (class 0 OID 33254)
-- Dependencies: 229
-- Data for Name: categories_category; Type: TABLE DATA; Schema: public; Owner: prueba
--

COPY public.categories_category (id, name) FROM stdin;
3	Love
4	Motivational
5	Movie phrases
\.


--
-- TOC entry 3557 (class 0 OID 33260)
-- Dependencies: 231
-- Data for Name: contacts_contact; Type: TABLE DATA; Schema: public; Owner: prueba
--

COPY public.contacts_contact (id, full_name, phone_number, user_id) FROM stdin;
\.


--
-- TOC entry 3552 (class 0 OID 33212)
-- Dependencies: 226
-- Data for Name: django_admin_log; Type: TABLE DATA; Schema: public; Owner: prueba
--

COPY public.django_admin_log (id, action_time, object_id, object_repr, action_flag, change_message, content_type_id, user_id) FROM stdin;
1	2024-02-15 02:42:31.869796-04	1	Motivational	1	[{"added": {}}]	10	2
2	2024-02-15 02:42:39.248756-04	2	Greetings	1	[{"added": {}}]	10	2
3	2024-02-15 02:43:14.853382-04	1	Hello	1	[{"added": {}}]	11	2
4	2024-02-15 02:43:23.505697-04	2	Goodbye	1	[{"added": {}}]	11	2
5	2024-02-15 02:45:35.306863-04	2	Goodbye	3		11	2
6	2024-02-15 02:46:37.162259-04	3	Good morning	1	[{"added": {}}]	11	2
7	2024-02-15 02:46:54.270314-04	4	Good afternoon	1	[{"added": {}}]	11	2
\.


--
-- TOC entry 3538 (class 0 OID 33112)
-- Dependencies: 212
-- Data for Name: django_content_type; Type: TABLE DATA; Schema: public; Owner: prueba
--

COPY public.django_content_type (id, app_label, model) FROM stdin;
1	admin	logentry
2	auth	permission
3	auth	group
4	auth	user
5	contenttypes	contenttype
6	sessions	session
7	authtoken	token
8	authtoken	tokenproxy
9	contacts	contact
10	categories	category
11	generic_messages	genericmessage
12	history	history
\.


--
-- TOC entry 3536 (class 0 OID 33104)
-- Dependencies: 210
-- Data for Name: django_migrations; Type: TABLE DATA; Schema: public; Owner: prueba
--

COPY public.django_migrations (id, app, name, applied) FROM stdin;
1	contenttypes	0001_initial	2024-02-14 15:48:49.657258-04
2	auth	0001_initial	2024-02-14 15:48:49.794531-04
3	admin	0001_initial	2024-02-14 15:48:49.853086-04
4	admin	0002_logentry_remove_auto_add	2024-02-14 15:48:49.875836-04
5	admin	0003_logentry_add_action_flag_choices	2024-02-14 15:48:49.887435-04
6	contenttypes	0002_remove_content_type_name	2024-02-14 15:48:49.903854-04
7	auth	0002_alter_permission_name_max_length	2024-02-14 15:48:49.911946-04
8	auth	0003_alter_user_email_max_length	2024-02-14 15:48:49.919635-04
9	auth	0004_alter_user_username_opts	2024-02-14 15:48:49.927014-04
10	auth	0005_alter_user_last_login_null	2024-02-14 15:48:49.936703-04
11	auth	0006_require_contenttypes_0002	2024-02-14 15:48:49.939037-04
12	auth	0007_alter_validators_add_error_messages	2024-02-14 15:48:49.946698-04
13	auth	0008_alter_user_username_max_length	2024-02-14 15:48:49.958048-04
14	auth	0009_alter_user_last_name_max_length	2024-02-14 15:48:49.965981-04
15	auth	0010_alter_group_name_max_length	2024-02-14 15:48:49.974173-04
16	auth	0011_update_proxy_permissions	2024-02-14 15:48:49.980865-04
17	auth	0012_alter_user_first_name_max_length	2024-02-14 15:48:49.989319-04
18	authtoken	0001_initial	2024-02-14 15:48:50.011694-04
19	authtoken	0002_auto_20160226_1747	2024-02-14 15:48:50.04452-04
20	authtoken	0003_tokenproxy	2024-02-14 15:48:50.047773-04
21	categories	0001_initial	2024-02-14 15:48:50.05384-04
22	contacts	0001_initial	2024-02-14 15:48:50.065731-04
23	contacts	0002_alter_contact_phone_number	2024-02-14 15:48:50.077432-04
24	contacts	0003_contact_user	2024-02-14 15:48:50.096163-04
25	generic_messages	0001_initial	2024-02-14 15:48:50.119864-04
26	sessions	0001_initial	2024-02-14 15:48:50.14539-04
27	history	0001_initial	2024-02-19 15:41:48.980421-04
28	history	0002_remove_history_date_remove_history_time_and_more	2024-02-19 18:01:34.172344-04
29	contacts	0004_alter_contact_phone_number	2024-02-25 13:04:42.810541-04
\.


--
-- TOC entry 3560 (class 0 OID 33287)
-- Dependencies: 234
-- Data for Name: django_session; Type: TABLE DATA; Schema: public; Owner: prueba
--

COPY public.django_session (session_key, session_data, expire_date) FROM stdin;
\.


--
-- TOC entry 3559 (class 0 OID 33276)
-- Dependencies: 233
-- Data for Name: generic_messages_genericmessage; Type: TABLE DATA; Schema: public; Owner: prueba
--

COPY public.generic_messages_genericmessage (id, content, category_id) FROM stdin;
5	Do anything, but let it produce joy.	4
6	Be the best of whatever you are.	4
7	Be yourself; everyone else is already taken.	4
8	Love all, trust a few, do wrong to none.	3
9	You call it madness, but I call it love.	3
10	We can only learn to love by loving.	3
14	May the Force be with you.	5
15	Houston, we have a problem.	5
16	E.T. phone home.	5
\.


--
-- TOC entry 3562 (class 0 OID 33298)
-- Dependencies: 236
-- Data for Name: history_history; Type: TABLE DATA; Schema: public; Owner: prueba
--

COPY public.history_history (id, contact_id, message_id, user_id, date_time) FROM stdin;
\.


--
-- TOC entry 3568 (class 0 OID 0)
-- Dependencies: 215
-- Name: auth_group_id_seq; Type: SEQUENCE SET; Schema: public; Owner: prueba
--

SELECT pg_catalog.setval('public.auth_group_id_seq', 1, false);


--
-- TOC entry 3569 (class 0 OID 0)
-- Dependencies: 217
-- Name: auth_group_permissions_id_seq; Type: SEQUENCE SET; Schema: public; Owner: prueba
--

SELECT pg_catalog.setval('public.auth_group_permissions_id_seq', 1, false);


--
-- TOC entry 3570 (class 0 OID 0)
-- Dependencies: 213
-- Name: auth_permission_id_seq; Type: SEQUENCE SET; Schema: public; Owner: prueba
--

SELECT pg_catalog.setval('public.auth_permission_id_seq', 48, true);


--
-- TOC entry 3571 (class 0 OID 0)
-- Dependencies: 221
-- Name: auth_user_groups_id_seq; Type: SEQUENCE SET; Schema: public; Owner: prueba
--

SELECT pg_catalog.setval('public.auth_user_groups_id_seq', 1, false);


--
-- TOC entry 3572 (class 0 OID 0)
-- Dependencies: 219
-- Name: auth_user_id_seq; Type: SEQUENCE SET; Schema: public; Owner: prueba
--

SELECT pg_catalog.setval('public.auth_user_id_seq', 24, true);


--
-- TOC entry 3573 (class 0 OID 0)
-- Dependencies: 223
-- Name: auth_user_user_permissions_id_seq; Type: SEQUENCE SET; Schema: public; Owner: prueba
--

SELECT pg_catalog.setval('public.auth_user_user_permissions_id_seq', 1, false);


--
-- TOC entry 3574 (class 0 OID 0)
-- Dependencies: 228
-- Name: categories_category_id_seq; Type: SEQUENCE SET; Schema: public; Owner: prueba
--

SELECT pg_catalog.setval('public.categories_category_id_seq', 5, true);


--
-- TOC entry 3575 (class 0 OID 0)
-- Dependencies: 230
-- Name: contacts_contact_id_seq; Type: SEQUENCE SET; Schema: public; Owner: prueba
--

SELECT pg_catalog.setval('public.contacts_contact_id_seq', 27, true);


--
-- TOC entry 3576 (class 0 OID 0)
-- Dependencies: 225
-- Name: django_admin_log_id_seq; Type: SEQUENCE SET; Schema: public; Owner: prueba
--

SELECT pg_catalog.setval('public.django_admin_log_id_seq', 7, true);


--
-- TOC entry 3577 (class 0 OID 0)
-- Dependencies: 211
-- Name: django_content_type_id_seq; Type: SEQUENCE SET; Schema: public; Owner: prueba
--

SELECT pg_catalog.setval('public.django_content_type_id_seq', 12, true);


--
-- TOC entry 3578 (class 0 OID 0)
-- Dependencies: 209
-- Name: django_migrations_id_seq; Type: SEQUENCE SET; Schema: public; Owner: prueba
--

SELECT pg_catalog.setval('public.django_migrations_id_seq', 29, true);


--
-- TOC entry 3579 (class 0 OID 0)
-- Dependencies: 232
-- Name: generic_messages_genericmessage_id_seq; Type: SEQUENCE SET; Schema: public; Owner: prueba
--

SELECT pg_catalog.setval('public.generic_messages_genericmessage_id_seq', 16, true);


--
-- TOC entry 3580 (class 0 OID 0)
-- Dependencies: 235
-- Name: history_history_id_seq; Type: SEQUENCE SET; Schema: public; Owner: prueba
--

SELECT pg_catalog.setval('public.history_history_id_seq', 11, true);


--
-- TOC entry 3329 (class 2606 OID 33238)
-- Name: auth_group auth_group_name_key; Type: CONSTRAINT; Schema: public; Owner: prueba
--

ALTER TABLE ONLY public.auth_group
    ADD CONSTRAINT auth_group_name_key UNIQUE (name);


--
-- TOC entry 3334 (class 2606 OID 33169)
-- Name: auth_group_permissions auth_group_permissions_group_id_permission_id_0cd325b0_uniq; Type: CONSTRAINT; Schema: public; Owner: prueba
--

ALTER TABLE ONLY public.auth_group_permissions
    ADD CONSTRAINT auth_group_permissions_group_id_permission_id_0cd325b0_uniq UNIQUE (group_id, permission_id);


--
-- TOC entry 3337 (class 2606 OID 33138)
-- Name: auth_group_permissions auth_group_permissions_pkey; Type: CONSTRAINT; Schema: public; Owner: prueba
--

ALTER TABLE ONLY public.auth_group_permissions
    ADD CONSTRAINT auth_group_permissions_pkey PRIMARY KEY (id);


--
-- TOC entry 3331 (class 2606 OID 33130)
-- Name: auth_group auth_group_pkey; Type: CONSTRAINT; Schema: public; Owner: prueba
--

ALTER TABLE ONLY public.auth_group
    ADD CONSTRAINT auth_group_pkey PRIMARY KEY (id);


--
-- TOC entry 3324 (class 2606 OID 33160)
-- Name: auth_permission auth_permission_content_type_id_codename_01ab375a_uniq; Type: CONSTRAINT; Schema: public; Owner: prueba
--

ALTER TABLE ONLY public.auth_permission
    ADD CONSTRAINT auth_permission_content_type_id_codename_01ab375a_uniq UNIQUE (content_type_id, codename);


--
-- TOC entry 3326 (class 2606 OID 33124)
-- Name: auth_permission auth_permission_pkey; Type: CONSTRAINT; Schema: public; Owner: prueba
--

ALTER TABLE ONLY public.auth_permission
    ADD CONSTRAINT auth_permission_pkey PRIMARY KEY (id);


--
-- TOC entry 3345 (class 2606 OID 33152)
-- Name: auth_user_groups auth_user_groups_pkey; Type: CONSTRAINT; Schema: public; Owner: prueba
--

ALTER TABLE ONLY public.auth_user_groups
    ADD CONSTRAINT auth_user_groups_pkey PRIMARY KEY (id);


--
-- TOC entry 3348 (class 2606 OID 33184)
-- Name: auth_user_groups auth_user_groups_user_id_group_id_94350c0c_uniq; Type: CONSTRAINT; Schema: public; Owner: prueba
--

ALTER TABLE ONLY public.auth_user_groups
    ADD CONSTRAINT auth_user_groups_user_id_group_id_94350c0c_uniq UNIQUE (user_id, group_id);


--
-- TOC entry 3339 (class 2606 OID 33144)
-- Name: auth_user auth_user_pkey; Type: CONSTRAINT; Schema: public; Owner: prueba
--

ALTER TABLE ONLY public.auth_user
    ADD CONSTRAINT auth_user_pkey PRIMARY KEY (id);


--
-- TOC entry 3351 (class 2606 OID 33158)
-- Name: auth_user_user_permissions auth_user_user_permissions_pkey; Type: CONSTRAINT; Schema: public; Owner: prueba
--

ALTER TABLE ONLY public.auth_user_user_permissions
    ADD CONSTRAINT auth_user_user_permissions_pkey PRIMARY KEY (id);


--
-- TOC entry 3354 (class 2606 OID 33198)
-- Name: auth_user_user_permissions auth_user_user_permissions_user_id_permission_id_14a6b632_uniq; Type: CONSTRAINT; Schema: public; Owner: prueba
--

ALTER TABLE ONLY public.auth_user_user_permissions
    ADD CONSTRAINT auth_user_user_permissions_user_id_permission_id_14a6b632_uniq UNIQUE (user_id, permission_id);


--
-- TOC entry 3342 (class 2606 OID 33233)
-- Name: auth_user auth_user_username_key; Type: CONSTRAINT; Schema: public; Owner: prueba
--

ALTER TABLE ONLY public.auth_user
    ADD CONSTRAINT auth_user_username_key UNIQUE (username);


--
-- TOC entry 3361 (class 2606 OID 33244)
-- Name: authtoken_token authtoken_token_pkey; Type: CONSTRAINT; Schema: public; Owner: prueba
--

ALTER TABLE ONLY public.authtoken_token
    ADD CONSTRAINT authtoken_token_pkey PRIMARY KEY (key);


--
-- TOC entry 3363 (class 2606 OID 33246)
-- Name: authtoken_token authtoken_token_user_id_key; Type: CONSTRAINT; Schema: public; Owner: prueba
--

ALTER TABLE ONLY public.authtoken_token
    ADD CONSTRAINT authtoken_token_user_id_key UNIQUE (user_id);


--
-- TOC entry 3365 (class 2606 OID 33258)
-- Name: categories_category categories_category_pkey; Type: CONSTRAINT; Schema: public; Owner: prueba
--

ALTER TABLE ONLY public.categories_category
    ADD CONSTRAINT categories_category_pkey PRIMARY KEY (id);


--
-- TOC entry 3367 (class 2606 OID 33264)
-- Name: contacts_contact contacts_contact_pkey; Type: CONSTRAINT; Schema: public; Owner: prueba
--

ALTER TABLE ONLY public.contacts_contact
    ADD CONSTRAINT contacts_contact_pkey PRIMARY KEY (id);


--
-- TOC entry 3357 (class 2606 OID 33219)
-- Name: django_admin_log django_admin_log_pkey; Type: CONSTRAINT; Schema: public; Owner: prueba
--

ALTER TABLE ONLY public.django_admin_log
    ADD CONSTRAINT django_admin_log_pkey PRIMARY KEY (id);


--
-- TOC entry 3319 (class 2606 OID 33118)
-- Name: django_content_type django_content_type_app_label_model_76bd3d3b_uniq; Type: CONSTRAINT; Schema: public; Owner: prueba
--

ALTER TABLE ONLY public.django_content_type
    ADD CONSTRAINT django_content_type_app_label_model_76bd3d3b_uniq UNIQUE (app_label, model);


--
-- TOC entry 3321 (class 2606 OID 33116)
-- Name: django_content_type django_content_type_pkey; Type: CONSTRAINT; Schema: public; Owner: prueba
--

ALTER TABLE ONLY public.django_content_type
    ADD CONSTRAINT django_content_type_pkey PRIMARY KEY (id);


--
-- TOC entry 3317 (class 2606 OID 33110)
-- Name: django_migrations django_migrations_pkey; Type: CONSTRAINT; Schema: public; Owner: prueba
--

ALTER TABLE ONLY public.django_migrations
    ADD CONSTRAINT django_migrations_pkey PRIMARY KEY (id);


--
-- TOC entry 3374 (class 2606 OID 33293)
-- Name: django_session django_session_pkey; Type: CONSTRAINT; Schema: public; Owner: prueba
--

ALTER TABLE ONLY public.django_session
    ADD CONSTRAINT django_session_pkey PRIMARY KEY (session_key);


--
-- TOC entry 3371 (class 2606 OID 33280)
-- Name: generic_messages_genericmessage generic_messages_genericmessage_pkey; Type: CONSTRAINT; Schema: public; Owner: prueba
--

ALTER TABLE ONLY public.generic_messages_genericmessage
    ADD CONSTRAINT generic_messages_genericmessage_pkey PRIMARY KEY (id);


--
-- TOC entry 3379 (class 2606 OID 33302)
-- Name: history_history history_history_pkey; Type: CONSTRAINT; Schema: public; Owner: prueba
--

ALTER TABLE ONLY public.history_history
    ADD CONSTRAINT history_history_pkey PRIMARY KEY (id);


--
-- TOC entry 3327 (class 1259 OID 33239)
-- Name: auth_group_name_a6ea08ec_like; Type: INDEX; Schema: public; Owner: prueba
--

CREATE INDEX auth_group_name_a6ea08ec_like ON public.auth_group USING btree (name varchar_pattern_ops);


--
-- TOC entry 3332 (class 1259 OID 33180)
-- Name: auth_group_permissions_group_id_b120cbf9; Type: INDEX; Schema: public; Owner: prueba
--

CREATE INDEX auth_group_permissions_group_id_b120cbf9 ON public.auth_group_permissions USING btree (group_id);


--
-- TOC entry 3335 (class 1259 OID 33181)
-- Name: auth_group_permissions_permission_id_84c5c92e; Type: INDEX; Schema: public; Owner: prueba
--

CREATE INDEX auth_group_permissions_permission_id_84c5c92e ON public.auth_group_permissions USING btree (permission_id);


--
-- TOC entry 3322 (class 1259 OID 33166)
-- Name: auth_permission_content_type_id_2f476e4b; Type: INDEX; Schema: public; Owner: prueba
--

CREATE INDEX auth_permission_content_type_id_2f476e4b ON public.auth_permission USING btree (content_type_id);


--
-- TOC entry 3343 (class 1259 OID 33196)
-- Name: auth_user_groups_group_id_97559544; Type: INDEX; Schema: public; Owner: prueba
--

CREATE INDEX auth_user_groups_group_id_97559544 ON public.auth_user_groups USING btree (group_id);


--
-- TOC entry 3346 (class 1259 OID 33195)
-- Name: auth_user_groups_user_id_6a12ed8b; Type: INDEX; Schema: public; Owner: prueba
--

CREATE INDEX auth_user_groups_user_id_6a12ed8b ON public.auth_user_groups USING btree (user_id);


--
-- TOC entry 3349 (class 1259 OID 33210)
-- Name: auth_user_user_permissions_permission_id_1fbb5f2c; Type: INDEX; Schema: public; Owner: prueba
--

CREATE INDEX auth_user_user_permissions_permission_id_1fbb5f2c ON public.auth_user_user_permissions USING btree (permission_id);


--
-- TOC entry 3352 (class 1259 OID 33209)
-- Name: auth_user_user_permissions_user_id_a95ead1b; Type: INDEX; Schema: public; Owner: prueba
--

CREATE INDEX auth_user_user_permissions_user_id_a95ead1b ON public.auth_user_user_permissions USING btree (user_id);


--
-- TOC entry 3340 (class 1259 OID 33234)
-- Name: auth_user_username_6821ab7c_like; Type: INDEX; Schema: public; Owner: prueba
--

CREATE INDEX auth_user_username_6821ab7c_like ON public.auth_user USING btree (username varchar_pattern_ops);


--
-- TOC entry 3359 (class 1259 OID 33252)
-- Name: authtoken_token_key_10f0b77e_like; Type: INDEX; Schema: public; Owner: prueba
--

CREATE INDEX authtoken_token_key_10f0b77e_like ON public.authtoken_token USING btree (key varchar_pattern_ops);


--
-- TOC entry 3368 (class 1259 OID 33274)
-- Name: contacts_contact_user_id_cff1a837; Type: INDEX; Schema: public; Owner: prueba
--

CREATE INDEX contacts_contact_user_id_cff1a837 ON public.contacts_contact USING btree (user_id);


--
-- TOC entry 3355 (class 1259 OID 33230)
-- Name: django_admin_log_content_type_id_c4bce8eb; Type: INDEX; Schema: public; Owner: prueba
--

CREATE INDEX django_admin_log_content_type_id_c4bce8eb ON public.django_admin_log USING btree (content_type_id);


--
-- TOC entry 3358 (class 1259 OID 33231)
-- Name: django_admin_log_user_id_c564eba6; Type: INDEX; Schema: public; Owner: prueba
--

CREATE INDEX django_admin_log_user_id_c564eba6 ON public.django_admin_log USING btree (user_id);


--
-- TOC entry 3372 (class 1259 OID 33295)
-- Name: django_session_expire_date_a5c62663; Type: INDEX; Schema: public; Owner: prueba
--

CREATE INDEX django_session_expire_date_a5c62663 ON public.django_session USING btree (expire_date);


--
-- TOC entry 3375 (class 1259 OID 33294)
-- Name: django_session_session_key_c0390e0f_like; Type: INDEX; Schema: public; Owner: prueba
--

CREATE INDEX django_session_session_key_c0390e0f_like ON public.django_session USING btree (session_key varchar_pattern_ops);


--
-- TOC entry 3369 (class 1259 OID 33286)
-- Name: generic_messages_genericmessage_category_id_0f4faf73; Type: INDEX; Schema: public; Owner: prueba
--

CREATE INDEX generic_messages_genericmessage_category_id_0f4faf73 ON public.generic_messages_genericmessage USING btree (category_id);


--
-- TOC entry 3376 (class 1259 OID 33318)
-- Name: history_history_contact_id_17731c86; Type: INDEX; Schema: public; Owner: prueba
--

CREATE INDEX history_history_contact_id_17731c86 ON public.history_history USING btree (contact_id);


--
-- TOC entry 3377 (class 1259 OID 33319)
-- Name: history_history_message_id_f40039c5; Type: INDEX; Schema: public; Owner: prueba
--

CREATE INDEX history_history_message_id_f40039c5 ON public.history_history USING btree (message_id);


--
-- TOC entry 3380 (class 1259 OID 33320)
-- Name: history_history_user_id_4e4120ab; Type: INDEX; Schema: public; Owner: prueba
--

CREATE INDEX history_history_user_id_4e4120ab ON public.history_history USING btree (user_id);


--
-- TOC entry 3383 (class 2606 OID 33175)
-- Name: auth_group_permissions auth_group_permissio_permission_id_84c5c92e_fk_auth_perm; Type: FK CONSTRAINT; Schema: public; Owner: prueba
--

ALTER TABLE ONLY public.auth_group_permissions
    ADD CONSTRAINT auth_group_permissio_permission_id_84c5c92e_fk_auth_perm FOREIGN KEY (permission_id) REFERENCES public.auth_permission(id) DEFERRABLE INITIALLY DEFERRED;


--
-- TOC entry 3382 (class 2606 OID 33170)
-- Name: auth_group_permissions auth_group_permissions_group_id_b120cbf9_fk_auth_group_id; Type: FK CONSTRAINT; Schema: public; Owner: prueba
--

ALTER TABLE ONLY public.auth_group_permissions
    ADD CONSTRAINT auth_group_permissions_group_id_b120cbf9_fk_auth_group_id FOREIGN KEY (group_id) REFERENCES public.auth_group(id) DEFERRABLE INITIALLY DEFERRED;


--
-- TOC entry 3381 (class 2606 OID 33161)
-- Name: auth_permission auth_permission_content_type_id_2f476e4b_fk_django_co; Type: FK CONSTRAINT; Schema: public; Owner: prueba
--

ALTER TABLE ONLY public.auth_permission
    ADD CONSTRAINT auth_permission_content_type_id_2f476e4b_fk_django_co FOREIGN KEY (content_type_id) REFERENCES public.django_content_type(id) DEFERRABLE INITIALLY DEFERRED;


--
-- TOC entry 3385 (class 2606 OID 33190)
-- Name: auth_user_groups auth_user_groups_group_id_97559544_fk_auth_group_id; Type: FK CONSTRAINT; Schema: public; Owner: prueba
--

ALTER TABLE ONLY public.auth_user_groups
    ADD CONSTRAINT auth_user_groups_group_id_97559544_fk_auth_group_id FOREIGN KEY (group_id) REFERENCES public.auth_group(id) DEFERRABLE INITIALLY DEFERRED;


--
-- TOC entry 3384 (class 2606 OID 33185)
-- Name: auth_user_groups auth_user_groups_user_id_6a12ed8b_fk_auth_user_id; Type: FK CONSTRAINT; Schema: public; Owner: prueba
--

ALTER TABLE ONLY public.auth_user_groups
    ADD CONSTRAINT auth_user_groups_user_id_6a12ed8b_fk_auth_user_id FOREIGN KEY (user_id) REFERENCES public.auth_user(id) DEFERRABLE INITIALLY DEFERRED;


--
-- TOC entry 3387 (class 2606 OID 33204)
-- Name: auth_user_user_permissions auth_user_user_permi_permission_id_1fbb5f2c_fk_auth_perm; Type: FK CONSTRAINT; Schema: public; Owner: prueba
--

ALTER TABLE ONLY public.auth_user_user_permissions
    ADD CONSTRAINT auth_user_user_permi_permission_id_1fbb5f2c_fk_auth_perm FOREIGN KEY (permission_id) REFERENCES public.auth_permission(id) DEFERRABLE INITIALLY DEFERRED;


--
-- TOC entry 3386 (class 2606 OID 33199)
-- Name: auth_user_user_permissions auth_user_user_permissions_user_id_a95ead1b_fk_auth_user_id; Type: FK CONSTRAINT; Schema: public; Owner: prueba
--

ALTER TABLE ONLY public.auth_user_user_permissions
    ADD CONSTRAINT auth_user_user_permissions_user_id_a95ead1b_fk_auth_user_id FOREIGN KEY (user_id) REFERENCES public.auth_user(id) DEFERRABLE INITIALLY DEFERRED;


--
-- TOC entry 3390 (class 2606 OID 33247)
-- Name: authtoken_token authtoken_token_user_id_35299eff_fk_auth_user_id; Type: FK CONSTRAINT; Schema: public; Owner: prueba
--

ALTER TABLE ONLY public.authtoken_token
    ADD CONSTRAINT authtoken_token_user_id_35299eff_fk_auth_user_id FOREIGN KEY (user_id) REFERENCES public.auth_user(id) DEFERRABLE INITIALLY DEFERRED;


--
-- TOC entry 3391 (class 2606 OID 33269)
-- Name: contacts_contact contacts_contact_user_id_cff1a837_fk_auth_user_id; Type: FK CONSTRAINT; Schema: public; Owner: prueba
--

ALTER TABLE ONLY public.contacts_contact
    ADD CONSTRAINT contacts_contact_user_id_cff1a837_fk_auth_user_id FOREIGN KEY (user_id) REFERENCES public.auth_user(id) DEFERRABLE INITIALLY DEFERRED;


--
-- TOC entry 3388 (class 2606 OID 33220)
-- Name: django_admin_log django_admin_log_content_type_id_c4bce8eb_fk_django_co; Type: FK CONSTRAINT; Schema: public; Owner: prueba
--

ALTER TABLE ONLY public.django_admin_log
    ADD CONSTRAINT django_admin_log_content_type_id_c4bce8eb_fk_django_co FOREIGN KEY (content_type_id) REFERENCES public.django_content_type(id) DEFERRABLE INITIALLY DEFERRED;


--
-- TOC entry 3389 (class 2606 OID 33225)
-- Name: django_admin_log django_admin_log_user_id_c564eba6_fk_auth_user_id; Type: FK CONSTRAINT; Schema: public; Owner: prueba
--

ALTER TABLE ONLY public.django_admin_log
    ADD CONSTRAINT django_admin_log_user_id_c564eba6_fk_auth_user_id FOREIGN KEY (user_id) REFERENCES public.auth_user(id) DEFERRABLE INITIALLY DEFERRED;


--
-- TOC entry 3392 (class 2606 OID 33281)
-- Name: generic_messages_genericmessage generic_messages_gen_category_id_0f4faf73_fk_categorie; Type: FK CONSTRAINT; Schema: public; Owner: prueba
--

ALTER TABLE ONLY public.generic_messages_genericmessage
    ADD CONSTRAINT generic_messages_gen_category_id_0f4faf73_fk_categorie FOREIGN KEY (category_id) REFERENCES public.categories_category(id) DEFERRABLE INITIALLY DEFERRED;


--
-- TOC entry 3393 (class 2606 OID 33303)
-- Name: history_history history_history_contact_id_17731c86_fk_contacts_contact_id; Type: FK CONSTRAINT; Schema: public; Owner: prueba
--

ALTER TABLE ONLY public.history_history
    ADD CONSTRAINT history_history_contact_id_17731c86_fk_contacts_contact_id FOREIGN KEY (contact_id) REFERENCES public.contacts_contact(id) DEFERRABLE INITIALLY DEFERRED;


--
-- TOC entry 3394 (class 2606 OID 33308)
-- Name: history_history history_history_message_id_f40039c5_fk_generic_m; Type: FK CONSTRAINT; Schema: public; Owner: prueba
--

ALTER TABLE ONLY public.history_history
    ADD CONSTRAINT history_history_message_id_f40039c5_fk_generic_m FOREIGN KEY (message_id) REFERENCES public.generic_messages_genericmessage(id) DEFERRABLE INITIALLY DEFERRED;


--
-- TOC entry 3395 (class 2606 OID 33313)
-- Name: history_history history_history_user_id_4e4120ab_fk_auth_user_id; Type: FK CONSTRAINT; Schema: public; Owner: prueba
--

ALTER TABLE ONLY public.history_history
    ADD CONSTRAINT history_history_user_id_4e4120ab_fk_auth_user_id FOREIGN KEY (user_id) REFERENCES public.auth_user(id) DEFERRABLE INITIALLY DEFERRED;


-- Completed on 2024-03-16 10:34:40 -04

--
-- PostgreSQL database dump complete
--

